1. (1) CITIZEN KANE (Orson Welles, 1941)
2. (2) VERTIGO (Alfred Hitchcock, 1958)
3. (3) 2001: A SPACE ODYSSEY (Stanley Kubrick, 1968)
4. (5) TOKYO STORY (Yasujiro Ozu, 1953)
5. (4) THE RULES OF THE GAME (Jean Renoir, 1939)
6. (7) THE GODFATHER (Francis Ford Coppola, 1972)
7. (6) 8½ (Federico Fellini, 1963)
8. (8) SUNRISE (F.W. Murnau, 1927)
9. (9) THE SEARCHERS (John Ford, 1956)
10. (10) SEVEN SAMURAI (Akira Kurosawa, 1954)
11. (12) SINGIN' IN THE RAIN (Stanley Donen & Gene Kelly, 1952)
12. (85) JEANNE DIELMAN, 23 QUAI DU COMMERCE, 1080 BRUXELLES (Chantal Akerman, 1975)
13. (11) APOCALYPSE NOW (Francis Ford Coppola, 1979)
14. (13) BICYCLE THIEVES (Vittorio De Sica, 1948)
15. (14) TAXI DRIVER (Martin Scorsese, 1976)
16. (19) PERSONA (Ingmar Bergman, 1966)
17. (18) THE PASSION OF JOAN OF ARC (Carl Theodor Dreyer, 1928)
18. (16) BREATHLESS (Jean-Luc Godard, 1960)
19. (42) IN THE MOOD FOR LOVE (Wong Kar-wai, 2000)
20. (15) BATTLESHIP POTEMKIN (Sergei Eisenstein, 1925)
21. (17) L'ATALANTE (Jean Vigo, 1934)
22. (20) THE MAN WITH A MOVIE CAMERA (Dziga Vertov, 1929)
23. (28) MIRROR (Andrei Tarkovsky, 1975)
24. (21) RASHOMON (Akira Kurosawa, 1950)
25. (25) CITY LIGHTS (Charles Chaplin, 1931)
26. (22) PSYCHO (Alfred Hitchcock, 1960)
27. (24) THE 400 BLOWS (François Truffaut, 1959)
28. (23) ANDREI RUBLEV (Andrei Tarkovsky, 1966)
29. (36) AU HASARD BALTHAZAR (Robert Bresson, 1966)
30. (29) SOME LIKE IT HOT (Billy Wilder, 1959)
31. (27) THE GODFATHER PART II (Francis Ford Coppola, 1974)
32. (30) LA DOLCE VITA (Federico Fellini, 1960)
33. (48) MULHOLLAND DR. (David Lynch, 2001)
34. (34) ORDET (Carl Theodor Dreyer, 1955)
35. (26) RAGING BULL (Martin Scorsese, 1980)
36. (43) THE NIGHT OF THE HUNTER (Charles Laughton, 1955)
37. (38) L'AVVENTURA (Michelangelo Antonioni, 1960)
38. (41) REAR WINDOW (Alfred Hitchcock, 1954)
39. (50) PLAYTIME (Jacques Tati, 1967)
40. (32) SUNSET BLVD. (Billy Wilder, 1950)
41. (31) TOUCH OF EVIL (Orson Welles, 1958)
42. (35) CASABLANCA (Michael Curtiz, 1942)
43. (56) PATHER PANCHALI (Satyajit Ray, 1955)
44. (40) CONTEMPT (Jean-Luc Godard, 1963)
45. (52) BARRY LYNDON (Stanley Kubrick, 1975)
46. (53) STALKER (Andrei Tarkovsky, 1979)
47. (37) BLADE RUNNER (Ridley Scott, 1982)
48. (83) CLOSE-UP (Abbas Kiarostami, 1990)
49. (33) LAWRENCE OF ARABIA (David Lean, 1962)
50. (39) THE GENERAL (Buster Keaton & Clyde Bruckman, 1926)
51. (114) BEAU TRAVAIL (Claire Denis, 1999)
52. (45) MODERN TIMES (Charles Chaplin, 1936)
53. (57) M (Fritz Lang, 1931)
54. (46) THE THIRD MAN (Carol Reed, 1949)
55. (81) LATE SPRING (Yasujiro Ozu, 1949)
56. (58) NORTH BY NORTHWEST (Alfred Hitchcock, 1959)
57. (47) UGETSU MONOGATARI (Kenji Mizoguchi, 1953)
58. (76) THE BATTLE OF ALGIERS (Gillo Pontecorvo, 1966)
59. (59) THE APARTMENT (Billy Wilder, 1960)
60. (44) LA GRANDE ILLUSION (Jean Renoir, 1937)
61. (60) WILD STRAWBERRIES (Ingmar Bergman, 1957)
62. (51) FANNY AND ALEXANDER (Ingmar Bergman, 1982)
63. (54) RIO BRAVO (Howard Hawks, 1959)
64. (71) GOODFELLAS (Martin Scorsese, 1990)
65. (72) SHOAH (Claude Lanzmann, 1985)
66. (67) PIERROT LE FOU (Jean-Luc Godard, 1965)
67. (74) JOURNEY TO ITALY (Roberto Rossellini, 1954)
68. (63) METROPOLIS (Fritz Lang, 1927)
69. (49) DR. STRANGELOVE OR: HOW I LEARNED TO STOP WORRYING AND LOVE THE BOMB (Stanley Kubrick, 1964)
70. (62) ONCE UPON A TIME IN THE WEST (Sergio Leone, 1968)
71. (55) CHINATOWN (Roman Polanski, 1974)
72. (68) LA STRADA (Federico Fellini, 1954)
73. (61) LES ENFANTS DU PARADIS (Marcel Carné, 1945)
74. (139) DO THE RIGHT THING (Spike Lee, 1989)
75. (70) THE LEOPARD (Luchino Visconti, 1963)
76. (65) AMARCORD (Federico Fellini, 1973)
77. (94) A WOMAN UNDER THE INFLUENCE (John Cassavetes, 1974)
78. (92) A MAN ESCAPED (Robert Bresson, 1956)
79. (75) THE SEVENTH SEAL (Ingmar Bergman, 1957)
80. (64) PULP FICTION (Quentin Tarantino, 1994)
81. (69) THE WILD BUNCH (Sam Peckinpah, 1969)
82. (78) IT'S A WONDERFUL LIFE (Frank Capra, 1946)
83. (91) SANSHO THE BAILIFF (Kenji Mizoguchi, 1954)
84. (87) THE CONFORMIST (Bernardo Bertolucci, 1970)
85. (80) THE MAGNIFICENT AMBERSONS (Orson Welles, 1942)
86. (66) VIRIDIANA (Luis Buñuel, 1961)
87. (90) BLUE VELVET (David Lynch, 1986)
88. (82) PICKPOCKET (Robert Bresson, 1959)
89. (89) NASHVILLE (Robert Altman, 1975)
90. (79) THE SHINING (Stanley Kubrick, 1980)
91. (88) GERTRUD (Carl Theodor Dreyer, 1964)
92. (73) THE GOLD RUSH (Charles Chaplin, 1925)
93. (95) THE MAN WHO SHOT LIBERTY VALANCE (John Ford, 1962)
94. (93) JAWS (Steven Spielberg, 1975)
95. (116) LA JETÉE (Chris Marker, 1962)
96. (84) JULES ET JIM (François Truffaut, 1962)
97. (243) CLÉO FROM 5 TO 7 (Agnès Varda, 1962)
98. (102) SANS SOLEIL (Chris Marker, 1983)
99. (277) MESHES OF THE AFTERNOON (Maya Deren & Alexander Hammid, 1943)
100. (100) TO BE OR NOT TO BE (Ernst Lubitsch, 1942)
101. (113) MADAME DE... (Max Ophüls, 1953)
102. (111) SÁTÁNTANGÓ (Béla Tarr, 1994)
103. (124) SHERLOCK JR. (Buster Keaton, 1924)
104. (77) A CLOCKWORK ORANGE (Stanley Kubrick, 1971)
105. (144) FEAR EATS THE SOUL (Rainer Werner Fassbinder, 1974)
106. (99) LAST YEAR AT MARIENBAD (Alain Resnais, 1961)
107. (103) THE MOTHER AND THE WHORE (Jean Eustache, 1973)
108. (101) AGUIRRE, THE WRATH OF GOD (Werner Herzog, 1972)
109. (120) IKIRU (Akira Kurosawa, 1952)
110. (121) A BRIGHTER SUMMER DAY (Edward Yang, 1991)
111. (86) ANNIE HALL (Woody Allen, 1977)
112. (97) GREED (Erich von Stroheim, 1924)
113. (108) THE SPIRIT OF THE BEEHIVE (Victor Erice, 1973)
114. (96) ONCE UPON A TIME IN AMERICA (Sergio Leone, 1984)
115. (143) COME AND SEE (Elem Klimov, 1985)
116. (161) THE PIANO (Jane Campion, 1993)
117. (107) HIROSHIMA MON AMOUR (Alain Resnais, 1959)
118. (119) YI YI (Edward Yang, 2000)
119. (104) THE WIZARD OF OZ (Victor Fleming, 1939)
120. (158) THE RED SHOES (Michael Powell & Emeric Pressburger, 1948)
121. (109) INTOLERANCE (D.W. Griffith, 1916)
122. (130) DON'T LOOK NOW (Nicolas Roeg, 1973)
123. (98) BLOW-UP (Michelangelo Antonioni, 1966)
124. (126) BRINGING UP BABY (Howard Hawks, 1938)
125. (115) L'ECLISSE (Michelangelo Antonioni, 1962)
126. (164) A MATTER OF LIFE AND DEATH (Michael Powell & Emeric Pressburger, 1946)
127. (122) LETTER FROM AN UNKNOWN WOMAN (Max Ophüls, 1948)
128. (125) A DAY IN THE COUNTRY (Jean Renoir, 1936)
129. (129) VIVRE SA VIE (Jean-Luc Godard, 1962)
130. (137) NOTORIOUS (Alfred Hitchcock, 1946)
131. (186) IMITATION OF LIFE (Douglas Sirk, 1959)
132. (106) ALIEN (Ridley Scott, 1979)
133. (165) HISTOIRE(S) DU CINÉMA (Jean-Luc Godard, 1988-98)
134. (127) ALL ABOUT EVE (Joseph L. Mankiewicz, 1950)
135. (133) MY DARLING CLEMENTINE (John Ford, 1946)
136. (159) THE EXTERMINATING ANGEL (Luis Buñuel, 1962)
137. (145) THE GOSPEL ACCORDING TO ST. MATTHEW (Pier Paolo Pasolini, 1964)
138. (131) LOS OLVIDADOS (Luis Buñuel, 1950)
139. (138) HIS GIRL FRIDAY (Howard Hawks, 1940)
140. (153) SPIRITED AWAY (Hayao Miyazaki, 2001)
141. (286) DAISIES (Věra Chytilová, 1966)
142. (310) KILLER OF SHEEP (Charles Burnett, 1977)
143. (218) CÉLINE AND JULIE GO BOATING (Jacques Rivette, 1974)
144. (140) UN CHIEN ANDALOU (Luis Buñuel, 1928)
145. (110) GONE WITH THE WIND (Victor Fleming, 1939)
146. (118) NOSFERATU (F.W. Murnau, 1922)
147. (105) E.T. THE EXTRA-TERRESTRIAL (Steven Spielberg, 1982)
148. (132) ROME, OPEN CITY (Roberto Rossellini, 1945)
149. (157) THE UMBRELLAS OF CHERBOURG (Jacques Demy, 1964)
150. (147) TROUBLE IN PARADISE (Ernst Lubitsch, 1932)
151. (146) THE CONVERSATION (Francis Ford Coppola, 1974)
152. (173) L'ARGENT (Robert Bresson, 1983)
153. (135) THE GOOD, THE BAD AND THE UGLY (Sergio Leone, 1966)
154. (152) DAYS OF HEAVEN (Terrence Malick, 1978)
155. (112) ONE FLEW OVER THE CUCKOO'S NEST (Milos Forman, 1975)
156. (203) MY NEIGHBOUR TOTORO (Hayao Miyazaki, 1988)
157. (311) WANDA (Barbara Loden, 1970)
158. (123) MANHATTAN (Woody Allen, 1979)
159. (197) CHUNGKING EXPRESS (Wong Kar-wai, 1994)
160. (156) CRIES AND WHISPERS (Ingmar Bergman, 1972)
161. (134) L'ÂGE D'OR (Luis Buñuel, 1930)
162. (117) STAR WARS (George Lucas, 1977)
163. (149) THE PASSENGER (Michelangelo Antonioni, 1975)
164. (217) TROPICAL MALADY (Apichatpong Weerasethakul, 2004)
165. (136) BADLANDS (Terrence Malick, 1973)
166. (151) THE DEER HUNTER (Michael Cimino, 1978)
167. (150) THERE WILL BE BLOOD (Paul Thomas Anderson, 2007)
168. (160) DOUBLE INDEMNITY (Billy Wilder, 1944)
169. (320) TOUKI BOUKI (Djibril Diop Mambéty, 1973)
170. (172) DEKALOG (Krzysztof Kieslowski, 1989)
171. (141) STAGECOACH (John Ford, 1939)
172. (128) ROSEMARY'S BABY (Roman Polanski, 1968)
173. (175) THE TEXAS CHAINSAW MASSACRE (Tobe Hooper, 1974)
174. (245) THE COLOUR OF POMEGRANATES (Sergei Parajanov, 1969)
175. (170) EARTH (Alexander Dovzhenko, 1930)
176. (148) DUCK SOUP (Leo McCarey, 1933)
177. (155) BRIEF ENCOUNTER (David Lean, 1945)
178. (167) THE DISCREET CHARM OF THE BOURGEOISIE (Luis Buñuel, 1972)
179. (178) THE RIVER (Jean Renoir, 1951)
180. (176) THE BIRDS (Alfred Hitchcock, 1963)
181. (226) ONLY ANGELS HAVE WINGS (Howard Hawks, 1939)
182. (183) MOUCHETTE (Robert Bresson, 1967)
183. (209) RAN (Akira Kurosawa, 1985)
184. (166) SPRING IN A SMALL TOWN (Fei Mu, 1948)
185. (189) A CITY OF SADNESS (Hou Hsiao-hsien, 1989)
186. (179) NAPOLÉON (Abel Gance, 1927)
187. (---) PORTRAIT OF A LADY ON FIRE (Céline Sciamma, 2019)
188. (163) CHIMES AT MIDNIGHT (Orson Welles, 1965)
189. (246) JOHNNY GUITAR (Nicholas Ray, 1954)
190. (212) VAMPYR (Carl Theodor Dreyer, 1932)
191. (174) BLACK NARCISSUS (Michael Powell & Emeric Pressburger, 1947)
192. (231) LA NOTTE (Michelangelo Antonioni, 1961)
193. (191) OUT OF THE PAST (Jacques Tourneur, 1947)
194. (169) ROCCO AND HIS BROTHERS (Luchino Visconti, 1960)
195. (205) PAISAN (Roberto Rossellini, 1946)
196. (154) THE TREE OF LIFE (Terrence Malick, 2011)
197. (196) NIGHTS OF CABIRIA (Federico Fellini, 1957)
198. (201) SALÒ, OR THE 120 DAYS OF SODOM (Pier Paolo Pasolini, 1975)
199. (142) THE LADY EVE (Preston Sturges, 1941)
200. (180) THE LAST LAUGH (F.W. Murnau, 1924)
201. (233) PARIS, TEXAS (Wim Wenders, 1984)
202. (162) ON THE WATERFRONT (Elia Kazan, 1954)
203. (187) DEATH IN VENICE (Luchino Visconti, 1971)
204. (424) VAGABOND (Agnès Varda, 1985)
205. (816) NEWS FROM HOME (Chantal Akerman, 1976)
206. (168) KING KONG (Merian C. Cooper & Ernest B. Schoedsack, 1933)
207. (208) THE LIFE AND DEATH OF COLONEL BLIMP (Michael Powell & Emeric Pressburger, 1943)
208. (192) RAIDERS OF THE LOST ARK (Steven Spielberg, 1981)
209. (232) WAVELENGTH (Michael Snow, 1967)
210. (177) THE GREAT DICTATOR (Charles Chaplin, 1940)
211. (369) THE GLEANERS & I (Agnès Varda, 2000)
212. (194) SOLARIS (Andrei Tarkovsky, 1972)
213. (219) WINGS OF DESIRE (Wim Wenders, 1987)
214. (230) ZERO FOR CONDUCT (Jean Vigo, 1933)
215. (199) UMBERTO D. (Vittorio De Sica, 1952)
216. (---) MOONLIGHT (Barry Jenkins, 2016)
217. (240) THE THING (John Carpenter, 1982)
218. (190) BREAKING THE WAVES (Lars von Trier, 1996)
219. (206) LE SAMOURAÏ (Jean-Pierre Melville, 1967)
220. (250) THE LIFE OF OHARU (Kenji Mizoguchi, 1952)
221. (185) CLOSE ENCOUNTERS OF THE THIRD KIND (Steven Spielberg, 1977)
222. (181) THE GRAPES OF WRATH (John Ford, 1940)
223. (184) KES (Ken Loach, 1969)
224. (248) MAGNOLIA (Paul Thomas Anderson, 1999)
225. (198) BLACK GOD, WHITE DEVIL (Glauber Rocha, 1964)
226. (290) AN AUTUMN AFTERNOON (Yasujiro Ozu, 1962)
227. (213) THE TRAVELLING PLAYERS (Theo Angelopoulos, 1975)
228. (225) THE QUIET MAN (John Ford, 1952)
229. (247) GERMANY, YEAR ZERO (Roberto Rossellini, 1948)
230. (282) LOVE STREAMS (John Cassavetes, 1984)
231. (291) THE MATRIX (Lana Wachowski & Lilly Wachowski, 1999)
232. (295) RED DESERT (Michelangelo Antonioni, 1964)
233. (222) ASHES AND DIAMONDS (Andrzej Wajda, 1958)
234. (255) THE CROWD (King Vidor, 1928)
235. (305) WHERE IS THE FRIEND'S HOUSE? (Abbas Kiarostami, 1987)
236. (171) BRAZIL (Terry Gilliam, 1985)
237. (241) SULLIVAN'S TRAVELS (Preston Sturges, 1941)
238. (272) ERASERHEAD (David Lynch, 1977)
239. (195) MCCABE & MRS. MILLER (Robert Altman, 1971)
240. (207) IVAN THE TERRIBLE, PART 2 (Sergei Eisenstein, 1946)
241. (351) THE HOUSE IS BLACK (Forugh Farrokhzad, 1963)
242. (254) MEMORIES OF UNDERDEVELOPMENT (Tomás Gutiérrez Alea, 1968)
243. (234) THE BAND WAGON (Vincente Minnelli, 1953)
244. (188) THE THIN RED LINE (Terrence Malick, 1998)
245. (249) IVAN THE TERRIBLE, PART 1 (Sergei Eisenstein, 1944)
246. (223) PERFORMANCE (Nicolas Roeg & Donald Cammell, 1970)
247. (229) THE BEST YEARS OF OUR LIVES (William Wyler, 1946)
248. (---) PARASITE (Bong Joon-ho, 2019)
249. (251) MEET ME IN ST. LOUIS (Vincente Minnelli, 1944)
250. (---) DAUGHTERS OF THE DUST (Julie Dash, 1991)
251. (221) CACHÉ (Michael Haneke, 2005)
252. (281) IN A LONELY PLACE (Nicholas Ray, 1950)
253. (216) RED RIVER (Howard Hawks, 1948)
254. (261) TABU (F.W. Murnau, 1931)
255. (204) BELLE DE JOUR (Luis Buñuel, 1967)
256. (238) DIARY OF A COUNTRY PRIEST (Robert Bresson, 1951)
257. (193) ETERNAL SUNSHINE OF THE SPOTLESS MIND (Michel Gondry, 2004)
258. (228) KIND HEARTS AND CORONETS (Robert Hamer, 1949)
259. (224) SCHINDLER'S LIST (Steven Spielberg, 1993)
260. (274) THREE COLOURS: BLUE (Krzysztof Kieslowski, 1993)
261. (214) THE BIG LEBOWSKI (Joel Coen & Ethan Coen, 1998)
262. (215) THE CABINET OF DR. CALIGARI (Robert Wiene, 1920)
263. (267) THE STORY OF THE LAST CHRYSANTHEMUMS (Kenji Mizoguchi, 1939)
264. (308) HEAT (Michael Mann, 1995)
265. (244) UNCLE BOONMEE WHO CAN RECALL HIS PAST LIVES (Apichatpong Weerasethakul, 2010)
266. (890) BLACK GIRL (Ousmane Sembene, 1966)
267. (211) THE GRADUATE (Mike Nichols, 1967)
268. (239) THE TREASURE OF THE SIERRA MADRE (John Huston, 1948)
269. (259) THE SHOP AROUND THE CORNER (Ernst Lubitsch, 1940)
270. (182) NIGHT AND FOG (Alain Resnais, 1955)
271. (200) FARGO (Joel Coen & Ethan Coen, 1996)
272. (253) F FOR FAKE (Orson Welles, 1973)
273. (325) THE GREEN RAY (Eric Rohmer, 1986)
274. (289) THRONE OF BLOOD (Akira Kurosawa, 1957)
275. (263) DAY OF WRATH (Carl Theodor Dreyer, 1943)
276. (275) THREE COLOURS: RED (Krzysztof Kieslowski, 1994)
277. (372) ALL THAT HEAVEN ALLOWS (Douglas Sirk, 1955)
278. (590) THE ASCENT (Larisa Shepitko, 1976)
279. (556) GOODBYE, DRAGON INN (Tsai Ming-liang, 2003)
280. (292) PANDORA'S BOX (G.W. Pabst, 1929)
281. (270) EYES WIDE SHUT (Stanley Kubrick, 1999)
282. (227) GROUNDHOG DAY (Harold Ramis, 1993)
283. (220) SWEET SMELL OF SUCCESS (Alexander Mackendrick, 1957)
284. (256) 2 OR 3 THINGS I KNOW ABOUT HER (Jean-Luc Godard, 1967)
285. (202) THE EXORCIST (William Friedkin, 1973)
286. (273) CINEMA PARADISO (Giuseppe Tornatore, 1988)
287. (390) TASTE OF CHERRY (Abbas Kiarostami, 1997)
288. (266) MY NIGHT AT MAUD'S (Eric Rohmer, 1969)
289. (501) INDIA SONG (Marguerite Duras, 1975)
290. (301) ALL ABOUT MY MOTHER (Pedro Almodóvar, 1999)
291. (604) LA CIÉNAGA (Lucrecia Martel, 2001)
292. (236) PATHS OF GLORY (Stanley Kubrick, 1957)
293. (296) THE BIG SLEEP (Howard Hawks, 1946)
294. (309) THE SACRIFICE (Andrei Tarkovsky, 1986)
295. (262) MEAN STREETS (Martin Scorsese, 1973)
296. (252) FLOATING CLOUDS (Mikio Naruse, 1955)
297. (293) THE MUSIC ROOM (Satyajit Ray, 1958)
298. (285) BACK TO THE FUTURE (Robert Zemeckis, 1985)
299. (210) UNFORGIVEN (Clint Eastwood, 1992)
300. (306) TERRA EM TRANSE (Glauber Rocha, 1967)
301. (271) DISTANT VOICES, STILL LIVES (Terence Davies, 1988)
302. (352) ARMY OF SHADOWS (Jean-Pierre Melville, 1969)
303. (269) EL VERDUGO (Luis García Berlanga, 1963)
304. (235) NANOOK OF THE NORTH (Robert Flaherty, 1922)
305. (343) HAPPY TOGETHER (Wong Kar-wai, 1997)
306. (321) MELANCHOLIA (Lars von Trier, 2011)
307. (477) CHARULATA (Satyajit Ray, 1964)
308. (264) FACES (John Cassavetes, 1968)
309. (334) THE WORLD OF APU (Satyajit Ray, 1959)
310. (257) MR. HULOT'S HOLIDAY (Jacques Tati, 1953)
311. (258) THE MALTESE FALCON (John Huston, 1941)
312. (265) FREAKS (Tod Browning, 1932)
313. (287) KINGS OF THE ROAD (Wim Wenders, 1976)
314. (304) A SEPARATION (Asghar Farhadi, 2011)
315. (294) VIDEODROME (David Cronenberg, 1983)
316. (354) I AM CUBA (Mikhail Kalatozov, 1964)
317. (360) LOLA MONTÈS (Max Ophüls, 1955)
318. (327) BERLIN ALEXANDERPLATZ (Rainer Werner Fassbinder, 1980)
319. (299) MONSIEUR VERDOUX (Charles Chaplin, 1947)
320. (326) THE TIME TO LIVE AND THE TIME TO DIE (Hou Hsiao-hsien, 1985)
321. (374) WERCKMEISTER HARMONIES (Béla Tarr, 2000)
322. (346) A CANTERBURY TALE (Michael Powell & Emeric Pressburger, 1944)
323. (268) LA BELLE ET LA BÊTE (Jean Cocteau, 1946)
324. (297) UNDERGROUND (Emir Kusturica, 1995)
325. (278) BROKEN BLOSSOMS (D.W. Griffith, 1919)
326. (298) HUSBANDS (John Cassavetes, 1970)
327. (312) THE KID (Charles Chaplin, 1921)
328. (284) THE EMPIRE STRIKES BACK (Irvin Kershner, 1980)
329. (479) PYAASA (Guru Dutt, 1957)
330. (316) THE PHILADELPHIA STORY (George Cukor, 1940)
331. (279) CITY OF GOD (Fernando Meirelles & Kátia Lund, 2002)
332. (373) THE YOUNG GIRLS OF ROCHEFORT (Jacques Demy, 1967)
333. (337) IN THE REALM OF THE SENSES (Nagisa Oshima, 1976)
334. (322) THE PUPPETMASTER (Hou Hsiao-hsien, 1993)
335. (288) THE WAGES OF FEAR (Henri-Georges Clouzot, 1953)
336. (454) THE TREE OF WOODEN CLOGS (Ermanno Olmi, 1978)
337. (344) CABARET (Bob Fosse, 1972)
338. (242) BONNIE AND CLYDE (Arthur Penn, 1967)
339. (421) EL (Luis Buñuel, 1953)
340. (484) ALL THAT JAZZ (Bob Fosse, 1979)
341. (339) TIE XI QU: WEST OF THE TRACKS (Wang Bing, 2003)
342. (396) MURIEL (Alain Resnais, 1963)
343. (478) THE CLOUD-CAPPED STAR (Ritwik Ghatak, 1960)
344. (350) A TOUCH OF ZEN (King Hu, 1971)
345. (331) WEEKEND (Jean-Luc Godard, 1967)
346. (332) KISS ME DEADLY (Robert Aldrich, 1955)
347. (318) WEST SIDE STORY (Robert Wise & Jerome Robbins, 1961)
348. (496) OUT 1 (Jacques Rivette, 1971)
349. (330) THE QUINCE TREE SUN (Victor Erice, 1992)
350. (353) MIDNIGHT COWBOY (John Schlesinger, 1969)
351. (315) THE LAST PICTURE SHOW (Peter Bogdanovich, 1971)
352. (431) SOME CAME RUNNING (Vincente Minnelli, 1958)
353. (276) DOG DAY AFTERNOON (Sidney Lumet, 1975)
354. (384) WRITTEN ON THE WIND (Douglas Sirk, 1956)
355. (379) MARNIE (Alfred Hitchcock, 1964)
356. (425) YOJIMBO (Akira Kurosawa, 1961)
357. (395) THE DOUBLE LIFE OF VÉRONIQUE (Krzysztof Kieslowski, 1991)
358. (335) AMADEUS (Milos Forman, 1984)
359. (237) NIGHT OF THE LIVING DEAD (George A. Romero, 1968)
360. (377) HIGH AND LOW (Akira Kurosawa, 1963)
361. (391) THROUGH THE OLIVE TREES (Abbas Kiarostami, 1994)
362. (313) MAKE WAY FOR TOMORROW (Leo McCarey, 1937)
363. (345) MAD MAX: FURY ROAD (George Miller, 2015)
364. (368) HOW GREEN WAS MY VALLEY (John Ford, 1941)
365. (434) HEAVEN'S GATE (Michael Cimino, 1980)
366. (376) LAST TANGO IN PARIS (Bernardo Bertolucci, 1972)
367. (442) THE CRANES ARE FLYING (Mikhail Kalatozov, 1957)
368. (---) GET OUT (Jordan Peele, 2017)
369. (393) THE KING OF COMEDY (Martin Scorsese, 1983)
370. (280) PEEPING TOM (Michael Powell, 1960)
371. (441) AN AFFAIR TO REMEMBER (Leo McCarey, 1957)
372. (378) LOST HIGHWAY (David Lynch, 1997)
373. (375) THE WHITE RIBBON (Michael Haneke, 2009)
374. (420) FITZCARRALDO (Werner Herzog, 1982)
375. (400) TRISTANA (Luis Buñuel, 1970)
376. (361) TEOREMA (Pier Paolo Pasolini, 1968)
377. (333) THE KILLING OF A CHINESE BOOKIE (John Cassavetes, 1976)
378. (382) STROMBOLI (Roberto Rossellini, 1950)
379. (356) THE ELEPHANT MAN (David Lynch, 1980)
380. (302) THE TURIN HORSE (Béla Tarr, 2011)
381. (387) NOSTALGHIA (Andrei Tarkovsky, 1983)
382. (513) ORLANDO (Sally Potter, 1992)
383. (323) HAROLD AND MAUDE (Hal Ashby, 1971)
384. (402) MON ONCLE (Jacques Tati, 1958)
385. (439) TWO-LANE BLACKTOP (Monte Hellman, 1971)
386. (493) THE HOUR OF THE FURNACES (Octavio Getino & Fernando E. Solanas, 1968)
387. (410) I KNOW WHERE I'M GOING! (Michael Powell & Emeric Pressburger, 1945)
388. (466) IN A YEAR WITH 13 MOONS (Rainer Werner Fassbinder, 1978)
389. (317) THE BIRTH OF A NATION (D.W. Griffith, 1915)
390. (340) IT HAPPENED ONE NIGHT (Frank Capra, 1934)
391. (482) LIMITE (Mario Peixoto, 1931)
392. (427) THE FLOWERS OF ST. FRANCIS (Roberto Rossellini, 1950)
393. (307) CRIMES AND MISDEMEANORS (Woody Allen, 1989)
394. (366) THE TENANT (Roman Polanski, 1976)
395. (328) ALIENS (James Cameron, 1986)
396. (468) MIRACLE IN MILAN (Vittorio De Sica, 1951)
397. (358) I WAS BORN, BUT... (Yasujiro Ozu, 1932)
398. (324) STRANGER THAN PARADISE (Jim Jarmusch, 1984)
399. (367) ORPHEUS (Jean Cocteau, 1950)
400. (389) 1900 (Bernardo Bertolucci, 1976)
401. (300) THIS IS SPINAL TAP (Rob Reiner, 1984)
402. (314) DAWN OF THE DEAD (George A. Romero, 1978)
403. (329) THE SILENCE OF THE LAMBS (Jonathan Demme, 1991)
404. (381) SALVATORE GIULIANO (Francesco Rosi, 1962)
405. (319) EYES WITHOUT A FACE (Georges Franju, 1960)
406. (416) DAY FOR NIGHT (François Truffaut, 1973)
407. (429) THE AWFUL TRUTH (Leo McCarey, 1937)
408. (260) THE THIN BLUE LINE (Errol Morris, 1988)
409. (359) SUSPIRIA (Dario Argento, 1977)
410. (689) THE HEADLESS WOMAN (Lucrecia Martel, 2008)
411. (458) OPENING NIGHT (John Cassavetes, 1977)
412. (303) SNOW WHITE AND THE SEVEN DWARFS (David Hand, 1937)
413. (348) LE PLAISIR (Max Ophüls, 1952)
414. (383) WOMAN IN THE DUNES (Hiroshi Teshigahara, 1964)
415. (408) SAFE (Todd Haynes, 1995)
416. (362) DOGVILLE (Lars von Trier, 2003)
417. (681) EUROPA '51 (Roberto Rossellini, 1952)
418. (349) DAYS OF BEING WILD (Wong Kar-wai, 1990)
419. (462) FANTASIA (Various Directors, 1940)
420. (497) CHELSEA GIRLS (Andy Warhol, 1966)
421. (418) FESTEN (Thomas Vinterberg, 1998)
422. (464) FLOWERS OF SHANGHAI (Hou Hsiao-hsien, 1998)
423. (529) WINTER LIGHT (Ingmar Bergman, 1962)
424. (475) SPLENDOR IN THE GRASS (Elia Kazan, 1961)
425. (415) THE CRIME OF MONSIEUR LANGE (Jean Renoir, 1936)
426. (430) FRENCH CANCAN (Jean Renoir, 1955)
427. (593) AN ANGEL AT MY TABLE (Jane Campion, 1990)
428. (489) THE WIND (Victor Sjöström, 1928)
429. (449) THE SHAWSHANK REDEMPTION (Frank Darabont, 1994)
430. (491) LIMELIGHT (Charles Chaplin, 1952)
431. (283) HOLY MOTORS (Leos Carax, 2012)
432. (338) BRIDE OF FRANKENSTEIN (James Whale, 1935)
433. (385) UNDER THE SKIN (Jonathan Glazer, 2013)
434. (448) SHOOT THE PIANO PLAYER (François Truffaut, 1960)
435. (392) A TRIP TO THE MOON (Georges Méliès, 1902)
436. (399) IF…. (Lindsay Anderson, 1968)
437. (355) LOST IN TRANSLATION (Sofia Coppola, 2003)
438. (523) LA TERRA TREMA (Luchino Visconti, 1948)
439. (370) LISTEN TO BRITAIN (Humphrey Jennings & Stewart McAllister, 1942)
440. (608) POSSESSION (Andrzej Zulawski, 1981)
441. (341) THE INNOCENTS (Jack Clayton, 1961)
442. (422) SHADOWS OF OUR FORGOTTEN ANCESTORS (Sergei Parajanov, 1964)
443. (457) SCENES FROM A MARRIAGE (Ingmar Bergman, 1973)
444. (653) TWENTY YEARS LATER (Eduardo Coutinho, 1984)
445. (443) IVAN'S CHILDHOOD (Andrei Tarkovsky, 1962)
446. (474) THE SCARLET EMPRESS (Josef von Sternberg, 1934)
447. (576) IN VANDA'S ROOM (Pedro Costa, 2000)
448. (412) A STAR IS BORN (George Cukor, 1954)
449. (813) LE BONHEUR (Agnès Varda, 1965)
450. (566) LA RÉGION CENTRALE (Michael Snow, 1971)
451. (398) ACCATTONE (Pier Paolo Pasolini, 1961)
452. (409) THE LONG GOODBYE (Robert Altman, 1973)
453. (473) THE CAMERAMAN (Buster Keaton & Edward Sedgwick, 1928)
454. (469) NAKED (Mike Leigh, 1993)
455. (413) OCTOBER (Sergei Eisenstein & Grigori Aleksandrov, 1928)
456. (518) SONGS FROM THE SECOND FLOOR (Roy Andersson, 2000)
457. (406) BARREN LIVES (Nelson Pereira dos Santos, 1963)
458. (750) GRAVE OF THE FIREFLIES (Isao Takahata, 1988)
459. (---) PARIS IS BURNING (Jennie Livingston, 1990)
460. (487) ALL THE PRESIDENT'S MEN (Alan J. Pakula, 1976)
461. (471) SENSO (Luchino Visconti, 1954)
462. (498) LOLA (Jacques Demy, 1961)
463. (437) LANDSCAPE IN THE MIST (Theo Angelopoulos, 1988)
464. (631) SYNDROMES AND A CENTURY (Apichatpong Weerasethakul, 2006)
465. (426) À NOS AMOURS (Maurice Pialat, 1983)
466. (467) THE DEAD (John Huston, 1987)
467. (364) CARRIE (Brian De Palma, 1976)
468. (461) DERSU UZALA (Akira Kurosawa, 1975)
469. (363) HIGH NOON (Fred Zinnemann, 1952)
470. (544) KOYAANISQATSI (Godfrey Reggio, 1982)
471. (397) THE PALM BEACH STORY (Preston Sturges, 1942)
472. (411) NETWORK (Sidney Lumet, 1976)
473. (371) TALK TO HER (Pedro Almodóvar, 2002)
474. (472) THE ACT OF KILLING (Joshua Oppenheimer, 2012)
475. (---) ZAMA (Lucrecia Martel, 2017)
476. (674) BY THE BLUEST OF SEAS (Boris Barnet, 1936)
477. (476) PINOCCHIO (Ben Sharpsteen & Hamilton Luske, 1940)
478. (456) RAISE THE RED LANTERN (Zhang Yimou, 1991)
479. (365) TO KILL A MOCKINGBIRD (Robert Mulligan, 1962)
480. (550) PHANTOM THREAD (Paul Thomas Anderson, 2017)
481. (536) ONCE UPON A TIME IN ANATOLIA (Nuri Bilge Ceylan, 2011)
482. (445) FIVE EASY PIECES (Bob Rafelson, 1970)
483. (502) STEAMBOAT BILL, JR. (Buster Keaton & Charles Reisner, 1928)
484. (585) MASCULIN FÉMININ (Jean-Luc Godard, 1966)
485. (509) SHANE (George Stevens, 1953)
486. (675) OUR HOSPITALITY (Buster Keaton & John G. Blystone, 1923)
487. (569) THE BITTER TEARS OF PETRA VON KANT (Rainer Werner Fassbinder, 1972)
488. (543) CASINO (Martin Scorsese, 1995)
489. (500) A.I. ARTIFICIAL INTELLIGENCE (Steven Spielberg, 2001)
490. (611) WAGON MASTER (John Ford, 1950)
491. (485) A MOMENT OF INNOCENCE (Mohsen Makhmalbaf, 1996)
492. (438) THE DEATH OF MR. LAZARESCU (Cristi Puiu, 2005)
493. (380) PLATFORM (Jia Zhangke, 2000)
494. (514) SECRETS & LIES (Mike Leigh, 1996)
495. (407) ELEPHANT (Gus Van Sant, 2003)
496. (770) BLUE (Derek Jarman, 1993)
497. (404) RUSSIAN ARK (Aleksandr Sokurov, 2002)
498. (527) THE DAMNED (Luchino Visconti, 1969)
499. (555) THE ENIGMA OF KASPAR HAUSER (Werner Herzog, 1974)
500. (580) MARKETA LAZAROVÁ (Frantisek Vlácil, 1967)
501. (548) INLAND EMPIRE (David Lynch, 2006)
502. (571) EARLY SUMMER (Yasujiro Ozu, 1951)
503. (629) AFTER LIFE (Hirokazu Koreeda, 1998)
504. (532) SHORT CUTS (Robert Altman, 1993)
505. (432) MONTY PYTHON'S LIFE OF BRIAN (Terry Jones, 1979)
506. (446) THE HUSTLER (Robert Rossen, 1961)
507. (530) TO HAVE AND HAVE NOT (Howard Hawks, 1944)
508. (453) WITHNAIL & I (Bruce Robinson, 1987)
509. (632) APARAJITO (Satyajit Ray, 1956)
510. (419) BOOGIE NIGHTS (Paul Thomas Anderson, 1997)
511. (347) TONI ERDMANN (Maren Ade, 2016)
512. (451) CLOSELY WATCHED TRAINS (Jirí Menzel, 1966)
513. (730) BLOW OUT (Brian De Palma, 1981)
514. (405) MAN OF ARAN (Robert Flaherty, 1934)
515. (---) TWIN PEAKS: THE RETURN (David Lynch, 2017)
516. (551) EAST OF EDEN (Elia Kazan, 1955)
517. (542) ALEXANDER NEVSKY (Sergei Eisenstein, 1938)
518. (528) FAUST (F.W. Murnau, 1926)
519. (547) ALICE IN THE CITIES (Wim Wenders, 1974)
520. (692) CRASH (David Cronenberg, 1996)
521. (595) AND LIFE GOES ON... (Abbas Kiarostami, 1992)
522. (505) THE LIVES OF OTHERS (Florian Henckel von Donnersmarck, 2006)
523. (452) DEAD RINGERS (David Cronenberg, 1988)
524. (336) RESERVOIR DOGS (Quentin Tarantino, 1992)
525. (524) LES VAMPIRES (Louis Feuillade, 1915)
526. (537) POINT BLANK (John Boorman, 1967)
527. (563) ROSETTA (Jean-Pierre Dardenne & Luc Dardenne, 1999)
528. (615) HARLAN COUNTY, U.S.A. (Barbara Kopple, 1976)
529. (465) STRANGERS ON A TRAIN (Alfred Hitchcock, 1951)
530. (403) NO COUNTRY FOR OLD MEN (Joel Coen & Ethan Coen, 2007)
531. (492) PAN'S LABYRINTH (Guillermo del Toro, 2006)
532. (525) 12 ANGRY MEN (Sidney Lumet, 1957)
533. (386) FIGHT CLUB (David Fincher, 1999)
534. (503) THE LADY FROM SHANGHAI (Orson Welles, 1948)
535. (635) PICNIC AT HANGING ROCK (Peter Weir, 1975)
536. (852) TWIN PEAKS: FIRE WALK WITH ME (David Lynch, 1992)
537. (538) THE WIND WILL CARRY US (Abbas Kiarostami, 1999)
538. (517) HANNAH AND HER SISTERS (Woody Allen, 1986)
539. (447) OLDBOY (Park Chan-wook, 2003)
540. (440) THE TERMINATOR (James Cameron, 1984)
541. (574) FELLINI SATYRICON (Federico Fellini, 1969)
542. (659) MEMORIES OF MURDER (Bong Joon-ho, 2003)
543. (394) YELLOW EARTH (Chen Kaige, 1984)
544. (433) BOYHOOD (Richard Linklater, 2014)
545. (435) THE BRIDGE ON THE RIVER KWAI (David Lean, 1957)
546. (549) THE DEVIL, PROBABLY (Robert Bresson, 1977)
547. (486) DIE HARD (John McTiernan, 1988)
548. (645) NOSTALGIA FOR THE LIGHT (Patricio Guzmán, 2010)
549. (712) YEELEN (Souleymane Cissé, 1987)
550. (---) SAMBIZANGA (Sarah Maldoror, 1972)
551. (603) THE AGE OF INNOCENCE (Martin Scorsese, 1993)
552. (---) JE, TU, IL, ELLE (Chantal Akerman, 1974)
553. (621) THE BLUE ANGEL (Josef von Sternberg, 1930)
554. (423) DEAD MAN (Jim Jarmusch, 1995)
555. (858) PRINCESS MONONOKE (Hayao Miyazaki, 1997)
556. (---) MORVERN CALLAR (Lynne Ramsay, 2002)
557. (613) LA HAINE (Mathieu Kassovitz, 1995)
558. (662) THE WEDDING MARCH (Erich von Stroheim, 1928)
559. (557) DOCTOR ZHIVAGO (David Lean, 1965)
560. (450) PUNCH-DRUNK LOVE (Paul Thomas Anderson, 2002)
561. (658) THE SILENCE (Ingmar Bergman, 1963)
562. (455) EASY RIDER (Dennis Hopper, 1969)
563. (672) YOUNG MR. LINCOLN (John Ford, 1939)
564. (510) LAURA (Otto Preminger, 1944)
565. (539) SHADOW OF A DOUBT (Alfred Hitchcock, 1943)
566. (504) NINOTCHKA (Ernst Lubitsch, 1939)
567. (609) THE TESTAMENT OF DR. MABUSE (Fritz Lang, 1933)
568. (342) WALL-E (Andrew Stanton, 2008)
569. (561) KAGEMUSHA (Akira Kurosawa, 1980)
570. (607) THAT OBSCURE OBJECT OF DESIRE (Luis Buñuel, 1977)
571. (546) A NIGHT AT THE OPERA (Sam Wood, 1935)
572. (414) BUTCH CASSIDY AND THE SUNDANCE KID (George Roy Hill, 1969)
573. (568) THE TAKING OF POWER BY LOUIS XIV (Roberto Rossellini, 1966)
574. (401) CROUCHING TIGER, HIDDEN DRAGON (Ang Lee, 2000)
575. (628) BIGGER THAN LIFE (Nicholas Ray, 1956)
576. (596) TALE OF TALES (Yuriy Norshteyn, 1979)
577. (463) FORREST GUMP (Robert Zemeckis, 1994)
578. (521) THE FRENCH CONNECTION (William Friedkin, 1971)
579. (522) THE SOUND OF MUSIC (Robert Wise, 1965)
580. (460) SE7EN (David Fincher, 1995)
581. (654) I WALKED WITH A ZOMBIE (Jacques Tourneur, 1943)
582. (896) GENTLEMEN PREFER BLONDES (Howard Hawks, 1953)
583. (572) THE SERVANT (Joseph Losey, 1963)
584. (610) FELLINI'S ROMA (Federico Fellini, 1972)
585. (586) PROVIDENCE (Alain Resnais, 1977)
586. (388) LAND WITHOUT BREAD (Luis Buñuel, 1933)
587. (646) SEVEN CHANCES (Buster Keaton, 1925)
588. (499) MAD MAX 2 (George Miller, 1981)
589. (656) THE ROUND-UP (Miklós Jancsó, 1966)
590. (---) WEST INDIES (Med Hondo, 1979)
591. (753) THE LORD OF THE RINGS: THE FELLOWSHIP OF THE RING (Peter Jackson, 2001)
592. (495) CAT PEOPLE (Jacques Tourneur, 1942)
593. (357) BROKEBACK MOUNTAIN (Ang Lee, 2005)
594. (599) THE RED CIRCLE (Jean-Pierre Melville, 1970)
595. (488) THE MASTER (Paul Thomas Anderson, 2012)
596. (627) SCORPIO RISING (Kenneth Anger, 1963)
597. (582) HATARI! (Howard Hawks, 1962)
598. (624) THE DEVILS (Ken Russell, 1971)
599. (776) D'EST (Chantal Akerman, 1993)
600. (583) BOUDU SAVED FROM DROWNING (Jean Renoir, 1932)
601. (917) AS I WAS MOVING AHEAD OCCASIONALLY I SAW BRIEF GLIMPSES OF BEAUTY (Jonas Mekas, 2000)
602. (480) BARTON FINK (Joel Coen & Ethan Coen, 1991)
603. (769) EDVARD MUNCH (Peter Watkins, 1974)
604. (926) PINK FLAMINGOS (John Waters, 1972)
605. (554) LES AMANTS DU PONT-NEUF (Leos Carax, 1991)
606. (511) DELIVERANCE (John Boorman, 1972)
607. (558) FULL METAL JACKET (Stanley Kubrick, 1987)
608. (428) REPULSION (Roman Polanski, 1965)
609. (643) LOVES OF A BLONDE (Milos Forman, 1965)
610. (506) TERMINATOR 2: JUDGMENT DAY (James Cameron, 1991)
611. (519) GREY GARDENS (David Maysles, Albert Maysles, Ellen Hovde & Muffie Meyer, 1975)
612. (417) HALLOWEEN (John Carpenter, 1978)
613. (---) SYMBIOPSYCHOTAXIPLASM: TAKE ONE (William Greaves, 1968)
614. (516) MY FRIEND IVAN LAPSHIN (Aleksey German, 1985)
615. (565) CHILDREN OF MEN (Alfonso Cuarón, 2006)
616. (637) BEING THERE (Hal Ashby, 1979)
617. (594) I VITELLONI (Federico Fellini, 1953)
618. (771) THE LONG DAY CLOSES (Terence Davies, 1992)
619. (717) JURASSIC PARK (Steven Spielberg, 1993)
620. (589) HANA-BI (Takeshi Kitano, 1997)
621. (553) PAT GARRETT AND BILLY THE KID (Sam Peckinpah, 1973)
622. (707) HARAKIRI (Masaki Kobayashi, 1962)
623. (895) 3 WOMEN (Robert Altman, 1977)
624. (600) THE ASPHALT JUNGLE (John Huston, 1950)
625. (494) AMÉLIE (Jean-Pierre Jeunet, 2001)
626. (436) DON'T LOOK BACK (D.A. Pennebaker, 1967)
627. (588) BANDE À PART (Jean-Luc Godard, 1964)
628. (490) HOUR OF THE WOLF (Ingmar Bergman, 1968)
629. (483) SHADOWS (John Cassavetes, 1959)
630. (661) DR. MABUSE, THE GAMBLER (Fritz Lang, 1922)
631. (673) THE GOLDEN COACH (Jean Renoir, 1952)
632. (515) TOOTSIE (Sydney Pollack, 1982)
633. (778) PORTRAIT OF JASON (Shirley Clarke, 1967)
634. (752) THE LADIES MAN (Jerry Lewis, 1961)
635. (666) SYNECDOCHE, NEW YORK (Charlie Kaufman, 2008)
636. (716) WALKABOUT (Nicolas Roeg, 1971)
637. (570) THE DARK KNIGHT (Christopher Nolan, 2008)
638. (714) XALA (Ousmane Sembene, 1975)
639. (668) THE VIRGIN SPRING (Ingmar Bergman, 1960)
640. (526) ALPHAVILLE (Jean-Luc Godard, 1965)
641. (545) COLOSSAL YOUTH (Pedro Costa, 2006)
642. (533) FAREWELL, MY CONCUBINE (Chen Kaige, 1993)
643. (540) ZODIAC (David Fincher, 2007)
644. (650) CASQUE D'OR (Jacques Becker, 1952)
645. (636) STRIKE (Sergei Eisenstein, 1925)
646. (641) TITANIC (James Cameron, 1997)
647. (687) THEY LIVE BY NIGHT (Nicholas Ray, 1948)
648. (652) THE WICKER MAN (Robin Hardy, 1973)
649. (640) BAMBI (David Hand, 1942)
650. (597) FAT CITY (John Huston, 1972)
651. (620) ROCKY (John G. Avildsen, 1976)
652. (459) HOOP DREAMS (Steve James, 1994)
653. (591) THE LADY VANISHES (Alfred Hitchcock, 1938)
654. (665) NAZARÍN (Luis Buñuel, 1958)
655. (644) BRING ME THE HEAD OF ALFREDO GARCIA (Sam Peckinpah, 1974)
656. (584) DOWN BY LAW (Jim Jarmusch, 1986)
657. (---) THE WATERMELON WOMAN (Cheryl Dunye, 1996)
658. (444) AMOUR (Michael Haneke, 2012)
659. (686) REBECCA (Alfred Hitchcock, 1940)
660. (564) SCARFACE (Howard Hawks, 1932)
661. (618) PLÁCIDO (Luis García Berlanga, 1961)
662. (735) THE GHOST AND MRS. MUIR (Joseph L. Mankiewicz, 1947)
663. (860) MILLENNIUM MAMBO (Hou Hsiao-hsien, 2001)
664. (660) ARREBATO (Iván Zulueta, 1979)
665. (531) SILENT LIGHT (Carlos Reygadas, 2007)
666. (602) THE PHANTOM OF LIBERTY (Luis Buñuel, 1974)
667. (671) THE MARRIAGE OF MARIA BRAUN (Rainer Werner Fassbinder, 1979)
668. (481) THE SORROW AND THE PITY (Marcel Ophüls, 1969)
669. (842) THE INTRUDER (Claire Denis, 2004)
670. (520) CHRONICLE OF A SUMMER (Jean Rouch & Edgar Morin, 1961)
671. (---) RATCATCHER (Lynne Ramsay, 1999)
672. (801) IL POSTO (Ermanno Olmi, 1961)
673. (---) HYÈNES (Djibril Diop Mambéty, 1992)
674. (806) 7 WOMEN (John Ford, 1965)
675. (470) FRANKENSTEIN (James Whale, 1931)
676. (534) TRAINSPOTTING (Danny Boyle, 1996)
677. (754) THE NAVIGATOR (Buster Keaton & Donald Crisp, 1924)
678. (718) W.R.: MYSTERIES OF THE ORGANISM (Dusan Makavejev, 1971)
679. (617) THE PARTY (Blake Edwards, 1968)
680. (678) NOUVELLE VAGUE (Jean-Luc Godard, 1990)
681. (781) IL GRIDO (Michelangelo Antonioni, 1957)
682. (663) THE PIANO TEACHER (Michael Haneke, 2001)
683. (579) TOP HAT (Mark Sandrich, 1935)
684. (775) WILD AT HEART (David Lynch, 1990)
685. (634) LOCAL HERO (Bill Forsyth, 1983)
686. (541) THE ROYAL TENENBAUMS (Wes Anderson, 2001)
687. (535) TOY STORY (John Lasseter, 1995)
688. (760) CHRONICLE OF ANNA MAGDALENA BACH (Jean-Marie Straub, 1968)
689. (885) THE SUN SHINES BRIGHT (John Ford, 1953)
690. (757) THE HAWKS AND THE SPARROWS (Pier Paolo Pasolini, 1966)
691. (846) THE HOLY MOUNTAIN (Alejandro Jodorowsky, 1973)
692. (697) LANCELOT DU LAC (Robert Bresson, 1974)
693. (---) ONE WAY OR ANOTHER (Sara Gómez, 1977)
694. (676) THE PURPLE ROSE OF CAIRO (Woody Allen, 1985)
695. (723) A SHORT FILM ABOUT KILLING (Krzysztof Kieslowski, 1987)
696. (746) THELMA & LOUISE (Ridley Scott, 1991)
697. (507) TRIUMPH OF THE WILL (Leni Riefenstahl, 1935)
698. (633) BEFORE SUNSET (Richard Linklater, 2004)
699. (711) MOONFLEET (Fritz Lang, 1955)
700. (---) CURE (Kiyoshi Kurosawa, 1997)
701. (648) ANTONIO DAS MORTES (Glauber Rocha, 1969)
702. (---) WAKE IN FRIGHT (Ted Kotcheff, 1971)
703. (739) THE TIGER OF ESCHNAPUR (Fritz Lang, 1958)
704. (741) THE CIRCUS (Charles Chaplin, 1928)
705. (782) SAUVE QUI PEUT (LA VIE) (Jean-Luc Godard, 1980)
706. (552) 4 MONTHS, 3 WEEKS AND 2 DAYS (Cristian Mungiu, 2007)
707. (759) ACE IN THE HOLE (Billy Wilder, 1951)
708. (560) GIMME SHELTER (Albert Maysles, David Maysles & Charlotte Zwerin, 1970)
709. (767) AKIRA (Katsuhiro Otomo, 1988)
710. (655) LOVE ME TONIGHT (Rouben Mamoulian, 1932)
711. (577) RUSHMORE (Wes Anderson, 1998)
712. (622) ROBOCOP (Paul Verhoeven, 1987)
713. (575) THE BIG HEAT (Fritz Lang, 1953)
714. (626) THE MANCHURIAN CANDIDATE (John Frankenheimer, 1962)
715. (---) CAROL (Todd Haynes, 2015)
716. (---) OH, SUN (Med Hondo, 1967)
717. (616) A HARD DAY'S NIGHT (Richard Lester, 1964)
718. (796) NEW YORK, NEW YORK (Martin Scorsese, 1977)
719. (---) THE GREAT BEAUTY (Paolo Sorrentino, 2013)
720. (833) FLAMING CREATURES (Jack Smith, 1963)
721. (682) DANCER IN THE DARK (Lars von Trier, 2000)
722. (619) SALESMAN (Albert Maysles, David Maysles & Charlotte Zwerin, 1969)
723. (953) DESIGN FOR LIVING (Ernst Lubitsch, 1933)
724. (605) LA BELLE NOISEUSE (Jacques Rivette, 1991)
725. (573) MY OWN PRIVATE IDAHO (Gus Van Sant, 1991)
726. (719) THE EMPEROR'S NAKED ARMY MARCHES ON (Kazuo Hara, 1987)
727. (868) THE AGE OF THE EARTH (Glauber Rocha, 1980)
728. (768) VIVE L'AMOUR (Tsai Ming-liang, 1994)
729. (691) BEN-HUR (William Wyler, 1959)
730. (802) FISH TANK (Andrea Arnold, 2009)
731. (789) HELLZAPOPPIN' (H.C. Potter, 1941)
732. (685) LES DAMES DU BOIS DE BOULOGNE (Robert Bresson, 1945)
733. (821) OSSESSIONE (Luchino Visconti, 1943)
734. (729) THE TRIAL (Orson Welles, 1962)
735. (612) DISTANT (Nuri Bilge Ceylan, 2002)
736. (819) KAAGAZ KE PHOOL (Guru Dutt, 1959)
737. (998) SUBARNAREKHA (Ritwik Ghatak, 1965)
738. (---) WINGS (Larisa Shepitko, 1966)
739. (---) BORN IN FLAMES (Lizzie Borden, 1983)
740. (748) THE BAD AND THE BEAUTIFUL (Vincente Minnelli, 1952)
741. (736) A PROPHET (Jacques Audiard, 2009)
742. (698) ZELIG (Woody Allen, 1983)
743. (724) THE WILD CHILD (François Truffaut, 1970)
744. (713) MOTHER AND SON (Aleksandr Sokurov, 1997)
745. (704) LOLITA (Stanley Kubrick, 1962)
746. (878) DIARIES, NOTES AND SKETCHES (Jonas Mekas, 1969)
747. (694) A PLACE IN THE SUN (George Stevens, 1951)
748. (---) A NEW LEAF (Elaine May, 1971)
749. (755) FOOLISH WIVES (Erich von Stroheim, 1922)
750. (744) THE MAN WHO WOULD BE KING (John Huston, 1975)
751. (670) UN CHANT D'AMOUR (Jean Genet, 1950)
752. (918) GOOD MORNING (Yasujiro Ozu, 1959)
753. (614) RAISING ARIZONA (Joel Coen & Ethan Coen, 1987)
754. (657) MR. SMITH GOES TO WASHINGTON (Frank Capra, 1939)
755. (762) HUNGER (Steve McQueen, 2008)
756. (---) CAIRO STATION (Youssef Chahine, 1958)
757. (---) THE ADVENTURES OF PRINCE ACHMED (Lotte Reiniger, 1926)
758. (578) REBEL WITHOUT A CAUSE (Nicholas Ray, 1955)
759. (---) ROMA (Alfonso Cuarón, 2018)
760. (601) YOUNG FRANKENSTEIN (Mel Brooks, 1974)
761. (642) DETOUR (Edgar G. Ulmer, 1945)
762. (721) FORT APACHE (John Ford, 1948)
763. (567) THE 39 STEPS (Alfred Hitchcock, 1935)
764. (---) PHANTOM OF THE PARADISE (Brian De Palma, 1974)
765. (870) TAIPEI STORY (Edward Yang, 1985)
766. (939) STAND BY ME (Rob Reiner, 1986)
767. (841) TWO ENGLISH GIRLS (François Truffaut, 1971)
768. (732) PASSION (Jean-Luc Godard, 1982)
769. (695) FUNNY GAMES (Michael Haneke, 1997)
770. (690) GREAT EXPECTATIONS (David Lean, 1946)
771. (703) MILLER'S CROSSING (Joel Coen & Ethan Coen, 1990)
772. (908) THE BALLAD OF NARAYAMA (Shohei Imamura, 1983)
773. (587) THE KILLING (Stanley Kubrick, 1956)
774. (773) ABRAHAM'S VALLEY (Manoel de Oliveira, 1993)
775. (756) WHEN HARRY MET SALLY... (Rob Reiner, 1989)
776. (683) BLISSFULLY YOURS (Apichatpong Weerasethakul, 2002)
777. (765) CODE UNKNOWN (Michael Haneke, 2000)
778. (647) LES DIABOLIQUES (Henri-Georges Clouzot, 1955)
779. (758) THE FIREMEN'S BALL (Milos Forman, 1967)
780. (---) MÄDCHEN IN UNIFORM (Leontine Sagan, 1931)
781. (688) TITICUT FOLLIES (Frederick Wiseman, 1967)
782. (804) MOROCCO (Josef von Sternberg, 1930)
783. (598) THE FLY (David Cronenberg, 1986)
784. (985) RED BEARD (Akira Kurosawa, 1965)
785. (856) CHIKAMATSU MONOGATARI (Kenji Mizoguchi, 1954)
786. (843) THE COOK, THE THIEF, HIS WIFE & HER LOVER (Peter Greenaway, 1989)
787. (927) MAMMA ROMA (Pier Paolo Pasolini, 1962)
788. (950) DOG STAR MAN (Stan Brakhage, 1964)
789. (706) DAZED AND CONFUSED (Richard Linklater, 1993)
790. (731) MY LIFE AS A DOG (Lasse Hallström, 1985)
791. (728) MOULIN ROUGE! (Baz Luhrmann, 2001)
792. (679) THE NEW WORLD (Terrence Malick, 2005)
793. (---) DUCK AMUCK (Chuck Jones, 1953)
794. (857) VERONIKA VOSS (Rainer Werner Fassbinder, 1982)
795. (562) STILL LIFE (Jia Zhangke, 2006)
796. (684) GUMMO (Harmony Korine, 1997)
797. (795) DODES'KA-DEN (Akira Kurosawa, 1970)
798. (---) TROUBLE EVERY DAY (Claire Denis, 2001)
799. (886) SHE WORE A YELLOW RIBBON (John Ford, 1949)
800. (792) STREET OF SHAME (Kenji Mizoguchi, 1956)
801. (708) DUMBO (Ben Sharpsteen, 1941)
802. (784) ALL QUIET ON THE WESTERN FRONT (Lewis Milestone, 1930)
803. (680) A STREETCAR NAMED DESIRE (Elia Kazan, 1951)
804. (742) BIG DEAL ON MADONNA STREET (Mario Monicelli, 1958)
805. (954) BROADCAST NEWS (James L. Brooks, 1987)
806. (793) WOMEN ON THE VERGE OF A NERVOUS BREAKDOWN (Pedro Almodóvar, 1988)
807. (722) SMILES OF A SUMMER NIGHT (Ingmar Bergman, 1955)
808. (---) MALCOLM X (Spike Lee, 1992)
809. (664) EL SUR (Victor Erice, 1983)
810. (783) A WOMAN OF PARIS (Charles Chaplin, 1923)
811. (667) JFK (Oliver Stone, 1991)
812. (677) VAN GOGH (Maurice Pialat, 1991)
813. (---) ROSE HOBART (Joseph Cornell, 1936)
814. (512) THE SOCIAL NETWORK (David Fincher, 2010)
815. (710) REQUIEM FOR A DREAM (Darren Aronofsky, 2000)
816. (630) THE SON (Jean-Pierre Dardenne & Luc Dardenne, 2002)
817. (877) FASTER, PUSSYCAT! KILL! KILL! (Russ Meyer, 1965)
818. (606) SHOCK CORRIDOR (Samuel Fuller, 1963)
819. (854) HITLER: A FILM FROM GERMANY (Hans-Jürgen Syberberg, 1977)
820. (---) LOSING GROUND (Kathleen Collins, 1982)
821. (738) FERRIS BUELLER'S DAY OFF (John Hughes, 1986)
822. (639) WHITE HEAT (Raoul Walsh, 1949)
823. (581) Y TU MAMÁ TAMBIÉN (Alfonso Cuarón, 2001)
824. (559) EVIL DEAD II (Sam Raimi, 1987)
825. (---) PETITE MAMAN (Céline Sciamma, 2021)
826. (787) THE TIN DRUM (Volker Schlöndorff, 1979)
827. (851) THE IDIOTS (Lars von Trier, 1998)
828. (969) THEY WERE EXPENDABLE (John Ford, 1945)
829. (625) MEMENTO (Christopher Nolan, 2000)
830. (859) FORBIDDEN GAMES (René Clément, 1952)
831. (725) AN AMERICAN WEREWOLF IN LONDON (John Landis, 1981)
832. (862) THE PRODUCERS (Mel Brooks, 1968)
833. (835) DEEP END (Jerzy Skolimowski, 1970)
834. (790) WE ALL LOVED EACH OTHER SO MUCH (Ettore Scola, 1974)
835. (737) EDWARD SCISSORHANDS (Tim Burton, 1990)
836. (828) LA COMMUNE (PARIS, 1871) (Peter Watkins, 2000)
837. (---) FUNERAL PARADE OF ROSES (Toshio Matsumoto, 1969)
838. (861) SICILIA! (Jean-Marie Straub & Danièle Huillet, 1999)
839. (867) THE RIGHT STUFF (Philip Kaufman, 1983)
840. (788) THE THIEF OF BAGDAD (Michael Powell, Ludwig Berger & Tim Whelan, 1940)
841. (777) PAPER MOON (Peter Bogdanovich, 1973)
842. (774) OUTSKIRTS (Boris Barnet, 1933)
843. (850) POINT BREAK (Kathryn Bigelow, 1991)
844. (702) BREAKFAST AT TIFFANY'S (Blake Edwards, 1961)
845. (970) O LUCKY MAN! (Lindsay Anderson, 1973)
846. (749) RED SORGHUM (Zhang Yimou, 1987)
847. (638) INVASION OF THE BODY SNATCHERS (Don Siegel, 1956)
848. (699) IRRÉVERSIBLE (Gaspar Noé, 2002)
849. (808) THE ADVENTURES OF ROBIN HOOD (Michael Curtiz & William Keighley, 1938)
850. (---) ONCE UPON A TIME... IN HOLLYWOOD (Quentin Tarantino, 2019)
851. (508) GRIZZLY MAN (Werner Herzog, 2005)
852. (---) 35 SHOTS OF RUM (Claire Denis, 2008)
853. (---) THE UNKNOWN (Tod Browning, 1927)
854. (817) SPIONE (Fritz Lang, 1928)
855. (825) INGLOURIOUS BASTERDS (Quentin Tarantino, 2009)
856. (---) TOO EARLY, TOO LATE (Jean-Marie Straub & Danièle Huillet, 1981)
857. (891) THE NAKED ISLAND (Kaneto Shindo, 1960)
858. (649) SCARFACE (Brian De Palma, 1983)
859. (923) THE MISFITS (John Huston, 1961)
860. (---) SHAME (Ingmar Bergman, 1968)
861. (---) THE NIGHT OF COUNTING THE YEARS (Shadi Abdel Salam, 1969)
862. (764) THE SEASONS (Artavazd Peleshian, 1975)
863. (---) BLUE IS THE WARMEST COLOUR (Abdellatif Kechiche, 2013)
864. (726) THE WOMAN NEXT DOOR (François Truffaut, 1981)
865. (---) AKIRA KUROSAWA'S DREAMS (Akira Kurosawa, 1990)
866. (696) THE GREAT ESCAPE (John Sturges, 1963)
867. (873) THE MIRACLE OF MORGAN'S CREEK (Preston Sturges, 1944)
868. (916) THE PHANTOM CARRIAGE (Victor Sjöström, 1921)
869. (751) THE AFRICAN QUEEN (John Huston, 1951)
870. (---) HEIMAT (Edgar Reitz, 1984)
871. (993) ZABRISKIE POINT (Michelangelo Antonioni, 1970)
872. (772) CLAIRE'S KNEE (Eric Rohmer, 1970)
873. (---) CLUELESS (Amy Heckerling, 1995)
874. (779) STARSHIP TROOPERS (Paul Verhoeven, 1997)
875. (---) ANGEL (Ernst Lubitsch, 1937)
876. (---) MARGARET (Kenneth Lonergan, 2011)
877. (---) TOUTE UNE NUIT (Chantal Akerman, 1982)
878. (880) TIME OF THE GYPSIES (Emir Kusturica, 1989)
879. (827) ASSAULT ON PRECINCT 13 (John Carpenter, 1976)
880. (900) IT'S A GIFT (Norman Z. McLeod, 1934)
881. (956) SPRING, SUMMER, AUTUMN, WINTER… AND SPRING (Kim Ki-duk, 2003)
882. (---) WELFARE (Frederick Wiseman, 1975)
883. (---) SHANGHAI EXPRESS (Josef von Sternberg, 1932)
884. (---) GLORIA (John Cassavetes, 1980)
885. (941) L'AMOUR FOU (Jacques Rivette, 1968)
886. (---) STROSZEK (Werner Herzog, 1977)
887. (---) EXOTICA (Atom Egoyan, 1994)
888. (1000) FEMALE TROUBLE (John Waters, 1974)
889. (974) JULIET OF THE SPIRITS (Federico Fellini, 1965)
890. (---) MYSTERIES OF LISBON (Raúl Ruiz, 2010)
891. (---) PERSEPOLIS (Vincent Paronnaud & Marjane Satrapi, 2007)
892. (936) THE END OF SUMMER (Yasujiro Ozu, 1961)
893. (---) THE ASTHENIC SYNDROME (Kira Muratova, 1989)
894. (---) MIKEY AND NICKY (Elaine May, 1976)
895. (---) THE RED AND THE WHITE (Miklós Jancsó, 1967)
896. (921) MY LITTLE LOVES (Jean Eustache, 1974)
897. (791) AMORES PERROS (Alejandro González Iñárritu, 2000)
898. (763) SIDEWAYS (Alexander Payne, 2004)
899. (---) CEDDO (Ousmane Sembene, 1977)
900. (---) SHOWGIRLS (Paul Verhoeven, 1995)
901. (651) MONTY PYTHON AND THE HOLY GRAIL (Terry Gilliam & Terry Jones, 1975)
902. (---) WENDY AND LUCY (Kelly Reichardt, 2008)
903. (849) CRÍA CUERVOS (Carlos Saura, 1976)
904. (875) ANATOMY OF A MURDER (Otto Preminger, 1959)
905. (---) PEOPLE ON SUNDAY (Robert Siodmak & Edgar G. Ulmer, 1930)
906. (876) THE CRIMINAL LIFE OF ARCHIBALDO DE LA CRUZ (Luis Buñuel, 1955)
907. (740) NIGHT OF THE DEMON (Jacques Tourneur, 1957)
908. (---) MOTHLIGHT (Stan Brakhage, 1963)
909. (---) ZORNS LEMMA (Hollis Frampton, 1970)
910. (---) FROM THE CLOUDS TO THE RESISTANCE (Jean-Marie Straub & Danièle Huillet, 1979)
911. (---) TONGUES UNTIED (Marlon Riggs, 1989)
912. (---) CEMETERY OF SPLENDOUR (Apichatpong Weerasethakul, 2015)
913. (983) DEEP RED (Dario Argento, 1975)
914. (884) SIMON OF THE DESERT (Luis Buñuel, 1965)
915. (701) SAVING PRIVATE RYAN (Steven Spielberg, 1998)
916. (815) OTHELLO (Orson Welles, 1951)
917. (---) ATLANTICS (Mati Diop, 2019)
918. (938) 7TH HEAVEN (Frank Borzage, 1927)
919. (---) PORTRAIT OF JENNIE (William Dieterle, 1948)
920. (899) THE LAST TEMPTATION OF CHRIST (Martin Scorsese, 1988)
921. (897) THE BRIDGES OF MADISON COUNTY (Clint Eastwood, 1995)
922. (824) THE LAST EMPEROR (Bernardo Bertolucci, 1987)
923. (766) DIRTY HARRY (Don Siegel, 1971)
924. (592) LET THE RIGHT ONE IN (Tomas Alfredson, 2008)
925. (---) KHRUSTALYOV, MY CAR! (Aleksey German, 1998)
926. (---) DOOMED LOVE (Manoel de Oliveira, 1978)
927. (---) MEEK'S CUTOFF (Kelly Reichardt, 2010)
928. (---) THE FOUNTAINHEAD (King Vidor, 1949)
929. (---) SEVEN BEAUTIES (Lina Wertmüller, 1975)
930. (693) AIRPLANE! (Jim Abrahams, David Zucker & Jerry Zucker, 1980)
931. (872) SAWDUST AND TINSEL (Ingmar Bergman, 1953)
932. (---) THE LONG FAREWELL (Kira Muratova, 1971)
933. (865) DUEL IN THE SUN (King Vidor, 1946)
934. (---) PERFUMED NIGHTMARE (Kidlat Tahimik, 1977)
935. (---) TRUE HEART SUSIE (D.W. Griffith, 1919)
936. (914) MOTHER INDIA (Mehboob Khan, 1957)
937. (715) GUN CRAZY (Joseph H. Lewis, 1950)
938. (874) MON ONCLE D'AMÉRIQUE (Alain Resnais, 1980)
939. (837) PORT OF SHADOWS (Marcel Carné, 1938)
940. (928) LA CHIENNE (Jean Renoir, 1931)
941. (803) OLYMPIA (Leni Riefenstahl, 1938)
942. (924) AMERICAN GRAFFITI (George Lucas, 1973)
943. (733) THE RIVER (Tsai Ming-liang, 1997)
944. (831) AMERICAN BEAUTY (Sam Mendes, 1999)
945. (623) A HISTORY OF VIOLENCE (David Cronenberg, 2005)
946. (909) NUMÉRO DEUX (Jean-Luc Godard, 1975)
947. (894) LA BÊTE HUMAINE (Jean Renoir, 1938)
948. (807) LÉON (Luc Besson, 1994)
949. (---) NOT RECONCILED (Jean-Marie Straub, 1965)
950. (910) ARABIAN NIGHTS (Pier Paolo Pasolini, 1974)
951. (---) ELEPHANT (Alan Clarke, 1989)
952. (995) REDS (Warren Beatty, 1981)
953. (---) THE RECKLESS MOMENT (Max Ophüls, 1949)
954. (937) MOI, UN NOIR (Jean Rouch, 1958)
955. (996) LE BOUCHER (Claude Chabrol, 1970)
956. (743) NEAR DARK (Kathryn Bigelow, 1987)
957. (785) AN AMERICAN IN PARIS (Vincente Minnelli, 1951)
958. (727) SPARTACUS (Stanley Kubrick, 1960)
959. (904) DUEL (Steven Spielberg, 1971)
960. (---) HANDSWORTH SONGS (John Akomfrah, 1986)
961. (997) ANATAHAN (Josef von Sternberg, 1953)
962. (984) L'ENFANCE NUE (Maurice Pialat, 1968)
963. (930) ELEVATOR TO THE GALLOWS (Louis Malle, 1958)
964. (761) THE KILLER (John Woo, 1989)
965. (830) LE TROU (Jacques Becker, 1960)
966. (---) THE GODFATHER PART III (Francis Ford Coppola, 1990)
967. (999) CUL-DE-SAC (Roman Polanski, 1966)
968. (968) ROPE (Alfred Hitchcock, 1948)
969. (972) BEFORE SUNRISE (Richard Linklater, 1995)
970. (903) BERLIN: SYMPHONY OF A GREAT CITY (Walter Ruttmann, 1927)
971. (798) BLOOD SIMPLE (Joel Coen & Ethan Coen, 1984)
972. (844) ROMAN HOLIDAY (William Wyler, 1953)
973. (799) THE LAST DETAIL (Hal Ashby, 1973)
974. (845) WHO'S AFRAID OF VIRGINIA WOOLF? (Mike Nichols, 1966)
975. (887) CARO DIARIO (Nanni Moretti, 1994)
976. (889) THE LORD OF THE RINGS: THE RETURN OF THE KING (Peter Jackson, 2003)
977. (912) THEY LIVE (John Carpenter, 1988)
978. (786) SATURDAY NIGHT AND SUNDAY MORNING (Karel Reisz, 1960)
979. (---) BEYOND THE VALLEY OF THE DOLLS (Russ Meyer, 1970)
980. (892) THE RETURN (Andrey Zvyagintsev, 2003)
981. (---) THE TARNISHED ANGELS (Douglas Sirk, 1957)
982. (951) SWEETIE (Jane Campion, 1989)
983. (946) AMERICA, AMERICA (Elia Kazan, 1963)
984. (---) FOX AND HIS FRIENDS (Rainer Werner Fassbinder, 1975)
985. (992) THE 47 RONIN (Kenji Mizoguchi, 1941)
986. (---) A PAGE OF MADNESS (Teinosuke Kinugasa, 1926)
987. (780) Z (Constantin Costa-Gavras, 1969)
988. (709) THE HOST (Bong Joon-ho, 2006)
989. (840) LES MAÎTRES FOUS (Jean Rouch, 1955)
990. (961) MILDRED PIERCE (Michael Curtiz, 1945)
991. (---) LADY WINDERMERE'S FAN (Ernst Lubitsch, 1925)
992. (809) LE SANG DES BÊTES (Georges Franju, 1949)
993. (---) THE NAKED KISS (Samuel Fuller, 1964)
994. (973) THE STRAIGHT STORY (David Lynch, 1999)
995. (994) FLOATING WEEDS (Yasujiro Ozu, 1959)
996. (855) SHOLAY (Ramesh Sippy, 1975)
997. (906) BRANDED TO KILL (Seijun Suzuki, 1967)
998. (---) TRÁS-OS-MONTES (Margarida Cordeiro & António Reis, 1976)
999. (853) KWAIDAN (Masaki Kobayashi, 1964)
1000. (955) CARLITO'S WAY (Brian De Palma, 1993)